sample,cluster_id,cluster_label
palsar_0.png,2,PALSAR: Moderate sea
palsar_1.png,2,PALSAR: Moderate sea
palsar_10.png,0,PALSAR: Calm sea / low-wind
palsar_100.png,1,PALSAR: Rough sea / high-wind
palsar_101.png,1,PALSAR: Rough sea / high-wind
palsar_102.png,0,PALSAR: Calm sea / low-wind
palsar_103.png,2,PALSAR: Moderate sea
palsar_104.png,2,PALSAR: Moderate sea
palsar_105.png,2,PALSAR: Moderate sea
palsar_106.png,2,PALSAR: Moderate sea
palsar_107.png,1,PALSAR: Rough sea / high-wind
palsar_108.png,2,PALSAR: Moderate sea
palsar_109.png,1,PALSAR: Rough sea / high-wind
palsar_11.png,2,PALSAR: Moderate sea
palsar_110.png,1,PALSAR: Rough sea / high-wind
palsar_111.png,2,PALSAR: Moderate sea
palsar_112.png,1,PALSAR: Rough sea / high-wind
palsar_113.png,2,PALSAR: Moderate sea
palsar_114.png,1,PALSAR: Rough sea / high-wind
palsar_115.png,1,PALSAR: Rough sea / high-wind
palsar_116.png,2,PALSAR: Moderate sea
palsar_117.png,1,PALSAR: Rough sea / high-wind
palsar_118.png,1,PALSAR: Rough sea / high-wind
palsar_119.png,1,PALSAR: Rough sea / high-wind
palsar_12.png,2,PALSAR: Moderate sea
palsar_120.png,1,PALSAR: Rough sea / high-wind
palsar_121.png,2,PALSAR: Moderate sea
palsar_122.png,2,PALSAR: Moderate sea
palsar_123.png,1,PALSAR: Rough sea / high-wind
palsar_124.png,2,PALSAR: Moderate sea
palsar_125.png,1,PALSAR: Rough sea / high-wind
palsar_126.png,2,PALSAR: Moderate sea
palsar_127.png,2,PALSAR: Moderate sea
palsar_128.png,1,PALSAR: Rough sea / high-wind
palsar_129.png,2,PALSAR: Moderate sea
palsar_13.png,1,PALSAR: Rough sea / high-wind
palsar_130.png,0,PALSAR: Calm sea / low-wind
palsar_131.png,2,PALSAR: Moderate sea
palsar_132.png,2,PALSAR: Moderate sea
palsar_133.png,2,PALSAR: Moderate sea
palsar_134.png,1,PALSAR: Rough sea / high-wind
palsar_135.png,1,PALSAR: Rough sea / high-wind
palsar_136.png,1,PALSAR: Rough sea / high-wind
palsar_137.png,0,PALSAR: Calm sea / low-wind
palsar_138.png,2,PALSAR: Moderate sea
palsar_139.png,1,PALSAR: Rough sea / high-wind
palsar_14.png,2,PALSAR: Moderate sea
palsar_140.png,1,PALSAR: Rough sea / high-wind
palsar_141.png,1,PALSAR: Rough sea / high-wind
palsar_142.png,1,PALSAR: Rough sea / high-wind
palsar_143.png,0,PALSAR: Calm sea / low-wind
palsar_144.png,2,PALSAR: Moderate sea
palsar_145.png,2,PALSAR: Moderate sea
palsar_146.png,1,PALSAR: Rough sea / high-wind
palsar_147.png,1,PALSAR: Rough sea / high-wind
palsar_148.png,2,PALSAR: Moderate sea
palsar_149.png,2,PALSAR: Moderate sea
palsar_15.png,0,PALSAR: Calm sea / low-wind
palsar_150.png,1,PALSAR: Rough sea / high-wind
palsar_151.png,1,PALSAR: Rough sea / high-wind
palsar_152.png,1,PALSAR: Rough sea / high-wind
palsar_153.png,2,PALSAR: Moderate sea
palsar_154.png,2,PALSAR: Moderate sea
palsar_155.png,1,PALSAR: Rough sea / high-wind
palsar_156.png,1,PALSAR: Rough sea / high-wind
palsar_157.png,2,PALSAR: Moderate sea
palsar_158.png,2,PALSAR: Moderate sea
palsar_159.png,2,PALSAR: Moderate sea
palsar_16.png,2,PALSAR: Moderate sea
palsar_160.png,1,PALSAR: Rough sea / high-wind
palsar_161.png,1,PALSAR: Rough sea / high-wind
palsar_162.png,2,PALSAR: Moderate sea
palsar_163.png,1,PALSAR: Rough sea / high-wind
palsar_164.png,2,PALSAR: Moderate sea
palsar_165.png,1,PALSAR: Rough sea / high-wind
palsar_166.png,1,PALSAR: Rough sea / high-wind
palsar_167.png,1,PALSAR: Rough sea / high-wind
palsar_168.png,0,PALSAR: Calm sea / low-wind
palsar_169.png,2,PALSAR: Moderate sea
palsar_17.png,1,PALSAR: Rough sea / high-wind
palsar_170.png,0,PALSAR: Calm sea / low-wind
palsar_171.png,2,PALSAR: Moderate sea
palsar_172.png,1,PALSAR: Rough sea / high-wind
palsar_173.png,2,PALSAR: Moderate sea
palsar_174.png,1,PALSAR: Rough sea / high-wind
palsar_175.png,0,PALSAR: Calm sea / low-wind
palsar_176.png,2,PALSAR: Moderate sea
palsar_177.png,0,PALSAR: Calm sea / low-wind
palsar_178.png,0,PALSAR: Calm sea / low-wind
palsar_179.png,1,PALSAR: Rough sea / high-wind
palsar_18.png,2,PALSAR: Moderate sea
palsar_180.png,0,PALSAR: Calm sea / low-wind
palsar_181.png,2,PALSAR: Moderate sea
palsar_182.png,2,PALSAR: Moderate sea
palsar_183.png,2,PALSAR: Moderate sea
palsar_184.png,2,PALSAR: Moderate sea
palsar_185.png,1,PALSAR: Rough sea / high-wind
palsar_186.png,1,PALSAR: Rough sea / high-wind
palsar_187.png,2,PALSAR: Moderate sea
palsar_188.png,1,PALSAR: Rough sea / high-wind
palsar_189.png,2,PALSAR: Moderate sea
palsar_19.png,2,PALSAR: Moderate sea
palsar_190.png,2,PALSAR: Moderate sea
palsar_191.png,1,PALSAR: Rough sea / high-wind
palsar_192.png,0,PALSAR: Calm sea / low-wind
palsar_193.png,0,PALSAR: Calm sea / low-wind
palsar_194.png,2,PALSAR: Moderate sea
palsar_195.png,0,PALSAR: Calm sea / low-wind
palsar_196.png,1,PALSAR: Rough sea / high-wind
palsar_197.png,1,PALSAR: Rough sea / high-wind
palsar_198.png,2,PALSAR: Moderate sea
palsar_199.png,0,PALSAR: Calm sea / low-wind
palsar_2.png,1,PALSAR: Rough sea / high-wind
palsar_20.png,2,PALSAR: Moderate sea
palsar_200.png,1,PALSAR: Rough sea / high-wind
palsar_201.png,1,PALSAR: Rough sea / high-wind
palsar_202.png,2,PALSAR: Moderate sea
palsar_203.png,2,PALSAR: Moderate sea
palsar_204.png,1,PALSAR: Rough sea / high-wind
palsar_205.png,1,PALSAR: Rough sea / high-wind
palsar_206.png,1,PALSAR: Rough sea / high-wind
palsar_207.png,1,PALSAR: Rough sea / high-wind
palsar_208.png,1,PALSAR: Rough sea / high-wind
palsar_209.png,2,PALSAR: Moderate sea
palsar_21.png,1,PALSAR: Rough sea / high-wind
palsar_210.png,1,PALSAR: Rough sea / high-wind
palsar_211.png,1,PALSAR: Rough sea / high-wind
palsar_212.png,2,PALSAR: Moderate sea
palsar_213.png,1,PALSAR: Rough sea / high-wind
palsar_214.png,1,PALSAR: Rough sea / high-wind
palsar_215.png,0,PALSAR: Calm sea / low-wind
palsar_216.png,1,PALSAR: Rough sea / high-wind
palsar_217.png,1,PALSAR: Rough sea / high-wind
palsar_218.png,0,PALSAR: Calm sea / low-wind
palsar_219.png,1,PALSAR: Rough sea / high-wind
palsar_22.png,2,PALSAR: Moderate sea
palsar_220.png,1,PALSAR: Rough sea / high-wind
palsar_221.png,2,PALSAR: Moderate sea
palsar_222.png,1,PALSAR: Rough sea / high-wind
palsar_223.png,1,PALSAR: Rough sea / high-wind
palsar_224.png,2,PALSAR: Moderate sea
palsar_225.png,0,PALSAR: Calm sea / low-wind
palsar_226.png,2,PALSAR: Moderate sea
palsar_227.png,2,PALSAR: Moderate sea
palsar_228.png,1,PALSAR: Rough sea / high-wind
palsar_229.png,1,PALSAR: Rough sea / high-wind
palsar_23.png,1,PALSAR: Rough sea / high-wind
palsar_230.png,2,PALSAR: Moderate sea
palsar_231.png,2,PALSAR: Moderate sea
palsar_232.png,2,PALSAR: Moderate sea
palsar_233.png,2,PALSAR: Moderate sea
palsar_234.png,2,PALSAR: Moderate sea
palsar_235.png,1,PALSAR: Rough sea / high-wind
palsar_236.png,2,PALSAR: Moderate sea
palsar_237.png,1,PALSAR: Rough sea / high-wind
palsar_238.png,0,PALSAR: Calm sea / low-wind
palsar_239.png,1,PALSAR: Rough sea / high-wind
palsar_24.png,0,PALSAR: Calm sea / low-wind
palsar_240.png,2,PALSAR: Moderate sea
palsar_241.png,2,PALSAR: Moderate sea
palsar_242.png,1,PALSAR: Rough sea / high-wind
palsar_243.png,2,PALSAR: Moderate sea
palsar_244.png,1,PALSAR: Rough sea / high-wind
palsar_245.png,1,PALSAR: Rough sea / high-wind
palsar_246.png,1,PALSAR: Rough sea / high-wind
palsar_247.png,1,PALSAR: Rough sea / high-wind
palsar_248.png,1,PALSAR: Rough sea / high-wind
palsar_249.png,1,PALSAR: Rough sea / high-wind
palsar_25.png,1,PALSAR: Rough sea / high-wind
palsar_250.png,0,PALSAR: Calm sea / low-wind
palsar_251.png,1,PALSAR: Rough sea / high-wind
palsar_252.png,1,PALSAR: Rough sea / high-wind
palsar_253.png,1,PALSAR: Rough sea / high-wind
palsar_254.png,1,PALSAR: Rough sea / high-wind
palsar_255.png,1,PALSAR: Rough sea / high-wind
palsar_256.png,1,PALSAR: Rough sea / high-wind
palsar_257.png,2,PALSAR: Moderate sea
palsar_258.png,0,PALSAR: Calm sea / low-wind
palsar_259.png,0,PALSAR: Calm sea / low-wind
palsar_26.png,1,PALSAR: Rough sea / high-wind
palsar_260.png,2,PALSAR: Moderate sea
palsar_261.png,2,PALSAR: Moderate sea
palsar_262.png,1,PALSAR: Rough sea / high-wind
palsar_263.png,2,PALSAR: Moderate sea
palsar_264.png,1,PALSAR: Rough sea / high-wind
palsar_265.png,0,PALSAR: Calm sea / low-wind
palsar_266.png,1,PALSAR: Rough sea / high-wind
palsar_267.png,2,PALSAR: Moderate sea
palsar_268.png,1,PALSAR: Rough sea / high-wind
palsar_269.png,2,PALSAR: Moderate sea
palsar_27.png,1,PALSAR: Rough sea / high-wind
palsar_270.png,1,PALSAR: Rough sea / high-wind
palsar_271.png,1,PALSAR: Rough sea / high-wind
palsar_272.png,1,PALSAR: Rough sea / high-wind
palsar_273.png,1,PALSAR: Rough sea / high-wind
palsar_274.png,0,PALSAR: Calm sea / low-wind
palsar_275.png,0,PALSAR: Calm sea / low-wind
palsar_276.png,2,PALSAR: Moderate sea
palsar_277.png,2,PALSAR: Moderate sea
palsar_278.png,1,PALSAR: Rough sea / high-wind
palsar_279.png,2,PALSAR: Moderate sea
palsar_28.png,2,PALSAR: Moderate sea
palsar_280.png,1,PALSAR: Rough sea / high-wind
palsar_281.png,2,PALSAR: Moderate sea
palsar_282.png,0,PALSAR: Calm sea / low-wind
palsar_283.png,1,PALSAR: Rough sea / high-wind
palsar_284.png,2,PALSAR: Moderate sea
palsar_285.png,2,PALSAR: Moderate sea
palsar_286.png,1,PALSAR: Rough sea / high-wind
palsar_287.png,2,PALSAR: Moderate sea
palsar_288.png,2,PALSAR: Moderate sea
palsar_289.png,1,PALSAR: Rough sea / high-wind
palsar_29.png,1,PALSAR: Rough sea / high-wind
palsar_290.png,0,PALSAR: Calm sea / low-wind
palsar_291.png,1,PALSAR: Rough sea / high-wind
palsar_292.png,2,PALSAR: Moderate sea
palsar_293.png,2,PALSAR: Moderate sea
palsar_294.png,1,PALSAR: Rough sea / high-wind
palsar_295.png,1,PALSAR: Rough sea / high-wind
palsar_296.png,2,PALSAR: Moderate sea
palsar_297.png,2,PALSAR: Moderate sea
palsar_298.png,0,PALSAR: Calm sea / low-wind
palsar_299.png,1,PALSAR: Rough sea / high-wind
palsar_3.png,2,PALSAR: Moderate sea
palsar_30.png,2,PALSAR: Moderate sea
palsar_300.png,1,PALSAR: Rough sea / high-wind
palsar_301.png,2,PALSAR: Moderate sea
palsar_302.png,2,PALSAR: Moderate sea
palsar_303.png,1,PALSAR: Rough sea / high-wind
palsar_304.png,1,PALSAR: Rough sea / high-wind
palsar_305.png,2,PALSAR: Moderate sea
palsar_306.png,2,PALSAR: Moderate sea
palsar_307.png,1,PALSAR: Rough sea / high-wind
palsar_308.png,2,PALSAR: Moderate sea
palsar_309.png,1,PALSAR: Rough sea / high-wind
palsar_31.png,2,PALSAR: Moderate sea
palsar_310.png,1,PALSAR: Rough sea / high-wind
palsar_311.png,1,PALSAR: Rough sea / high-wind
palsar_312.png,1,PALSAR: Rough sea / high-wind
palsar_313.png,1,PALSAR: Rough sea / high-wind
palsar_314.png,2,PALSAR: Moderate sea
palsar_315.png,1,PALSAR: Rough sea / high-wind
palsar_316.png,1,PALSAR: Rough sea / high-wind
palsar_317.png,1,PALSAR: Rough sea / high-wind
palsar_318.png,1,PALSAR: Rough sea / high-wind
palsar_319.png,2,PALSAR: Moderate sea
palsar_32.png,1,PALSAR: Rough sea / high-wind
palsar_320.png,1,PALSAR: Rough sea / high-wind
palsar_321.png,1,PALSAR: Rough sea / high-wind
palsar_322.png,2,PALSAR: Moderate sea
palsar_323.png,2,PALSAR: Moderate sea
palsar_324.png,2,PALSAR: Moderate sea
palsar_325.png,2,PALSAR: Moderate sea
palsar_326.png,2,PALSAR: Moderate sea
palsar_327.png,0,PALSAR: Calm sea / low-wind
palsar_328.png,2,PALSAR: Moderate sea
palsar_329.png,0,PALSAR: Calm sea / low-wind
palsar_33.png,2,PALSAR: Moderate sea
palsar_330.png,2,PALSAR: Moderate sea
palsar_331.png,0,PALSAR: Calm sea / low-wind
palsar_332.png,1,PALSAR: Rough sea / high-wind
palsar_333.png,0,PALSAR: Calm sea / low-wind
palsar_334.png,2,PALSAR: Moderate sea
palsar_335.png,2,PALSAR: Moderate sea
palsar_336.png,1,PALSAR: Rough sea / high-wind
palsar_337.png,2,PALSAR: Moderate sea
palsar_338.png,1,PALSAR: Rough sea / high-wind
palsar_339.png,2,PALSAR: Moderate sea
palsar_34.png,2,PALSAR: Moderate sea
palsar_340.png,1,PALSAR: Rough sea / high-wind
palsar_341.png,2,PALSAR: Moderate sea
palsar_342.png,1,PALSAR: Rough sea / high-wind
palsar_343.png,2,PALSAR: Moderate sea
palsar_344.png,2,PALSAR: Moderate sea
palsar_345.png,2,PALSAR: Moderate sea
palsar_346.png,1,PALSAR: Rough sea / high-wind
palsar_347.png,2,PALSAR: Moderate sea
palsar_348.png,2,PALSAR: Moderate sea
palsar_349.png,2,PALSAR: Moderate sea
palsar_35.png,2,PALSAR: Moderate sea
palsar_350.png,1,PALSAR: Rough sea / high-wind
palsar_351.png,1,PALSAR: Rough sea / high-wind
palsar_352.png,1,PALSAR: Rough sea / high-wind
palsar_353.png,1,PALSAR: Rough sea / high-wind
palsar_354.png,2,PALSAR: Moderate sea
palsar_355.png,2,PALSAR: Moderate sea
palsar_356.png,2,PALSAR: Moderate sea
palsar_357.png,0,PALSAR: Calm sea / low-wind
palsar_358.png,2,PALSAR: Moderate sea
palsar_359.png,2,PALSAR: Moderate sea
palsar_36.png,2,PALSAR: Moderate sea
palsar_360.png,2,PALSAR: Moderate sea
palsar_361.png,1,PALSAR: Rough sea / high-wind
palsar_362.png,1,PALSAR: Rough sea / high-wind
palsar_363.png,2,PALSAR: Moderate sea
palsar_364.png,2,PALSAR: Moderate sea
palsar_365.png,2,PALSAR: Moderate sea
palsar_366.png,1,PALSAR: Rough sea / high-wind
palsar_367.png,2,PALSAR: Moderate sea
palsar_368.png,1,PALSAR: Rough sea / high-wind
palsar_369.png,1,PALSAR: Rough sea / high-wind
palsar_37.png,2,PALSAR: Moderate sea
palsar_370.png,2,PALSAR: Moderate sea
palsar_371.png,2,PALSAR: Moderate sea
palsar_372.png,2,PALSAR: Moderate sea
palsar_373.png,2,PALSAR: Moderate sea
palsar_374.png,1,PALSAR: Rough sea / high-wind
palsar_375.png,1,PALSAR: Rough sea / high-wind
palsar_376.png,1,PALSAR: Rough sea / high-wind
palsar_377.png,1,PALSAR: Rough sea / high-wind
palsar_378.png,2,PALSAR: Moderate sea
palsar_379.png,1,PALSAR: Rough sea / high-wind
palsar_38.png,1,PALSAR: Rough sea / high-wind
palsar_380.png,1,PALSAR: Rough sea / high-wind
palsar_381.png,2,PALSAR: Moderate sea
palsar_382.png,2,PALSAR: Moderate sea
palsar_383.png,2,PALSAR: Moderate sea
palsar_384.png,2,PALSAR: Moderate sea
palsar_385.png,2,PALSAR: Moderate sea
palsar_386.png,2,PALSAR: Moderate sea
palsar_387.png,1,PALSAR: Rough sea / high-wind
palsar_388.png,1,PALSAR: Rough sea / high-wind
palsar_389.png,1,PALSAR: Rough sea / high-wind
palsar_39.png,2,PALSAR: Moderate sea
palsar_390.png,2,PALSAR: Moderate sea
palsar_391.png,1,PALSAR: Rough sea / high-wind
palsar_392.png,1,PALSAR: Rough sea / high-wind
palsar_393.png,1,PALSAR: Rough sea / high-wind
palsar_394.png,1,PALSAR: Rough sea / high-wind
palsar_395.png,1,PALSAR: Rough sea / high-wind
palsar_396.png,1,PALSAR: Rough sea / high-wind
palsar_397.png,2,PALSAR: Moderate sea
palsar_398.png,1,PALSAR: Rough sea / high-wind
palsar_399.png,2,PALSAR: Moderate sea
palsar_4.png,2,PALSAR: Moderate sea
palsar_40.png,2,PALSAR: Moderate sea
palsar_400.png,0,PALSAR: Calm sea / low-wind
palsar_401.png,2,PALSAR: Moderate sea
palsar_402.png,1,PALSAR: Rough sea / high-wind
palsar_403.png,2,PALSAR: Moderate sea
palsar_404.png,2,PALSAR: Moderate sea
palsar_405.png,0,PALSAR: Calm sea / low-wind
palsar_406.png,2,PALSAR: Moderate sea
palsar_407.png,1,PALSAR: Rough sea / high-wind
palsar_408.png,1,PALSAR: Rough sea / high-wind
palsar_409.png,1,PALSAR: Rough sea / high-wind
palsar_41.png,1,PALSAR: Rough sea / high-wind
palsar_410.png,2,PALSAR: Moderate sea
palsar_411.png,1,PALSAR: Rough sea / high-wind
palsar_412.png,1,PALSAR: Rough sea / high-wind
palsar_413.png,1,PALSAR: Rough sea / high-wind
palsar_414.png,1,PALSAR: Rough sea / high-wind
palsar_415.png,2,PALSAR: Moderate sea
palsar_416.png,1,PALSAR: Rough sea / high-wind
palsar_417.png,2,PALSAR: Moderate sea
palsar_418.png,1,PALSAR: Rough sea / high-wind
palsar_419.png,2,PALSAR: Moderate sea
palsar_42.png,2,PALSAR: Moderate sea
palsar_420.png,1,PALSAR: Rough sea / high-wind
palsar_421.png,2,PALSAR: Moderate sea
palsar_422.png,1,PALSAR: Rough sea / high-wind
palsar_423.png,0,PALSAR: Calm sea / low-wind
palsar_424.png,1,PALSAR: Rough sea / high-wind
palsar_425.png,1,PALSAR: Rough sea / high-wind
palsar_426.png,2,PALSAR: Moderate sea
palsar_427.png,1,PALSAR: Rough sea / high-wind
palsar_428.png,1,PALSAR: Rough sea / high-wind
palsar_429.png,1,PALSAR: Rough sea / high-wind
palsar_43.png,2,PALSAR: Moderate sea
palsar_430.png,2,PALSAR: Moderate sea
palsar_431.png,1,PALSAR: Rough sea / high-wind
palsar_432.png,0,PALSAR: Calm sea / low-wind
palsar_433.png,2,PALSAR: Moderate sea
palsar_434.png,1,PALSAR: Rough sea / high-wind
palsar_435.png,1,PALSAR: Rough sea / high-wind
palsar_436.png,2,PALSAR: Moderate sea
palsar_437.png,2,PALSAR: Moderate sea
palsar_438.png,1,PALSAR: Rough sea / high-wind
palsar_439.png,0,PALSAR: Calm sea / low-wind
palsar_44.png,1,PALSAR: Rough sea / high-wind
palsar_440.png,2,PALSAR: Moderate sea
palsar_441.png,2,PALSAR: Moderate sea
palsar_442.png,1,PALSAR: Rough sea / high-wind
palsar_443.png,2,PALSAR: Moderate sea
palsar_444.png,2,PALSAR: Moderate sea
palsar_445.png,1,PALSAR: Rough sea / high-wind
palsar_446.png,1,PALSAR: Rough sea / high-wind
palsar_447.png,2,PALSAR: Moderate sea
palsar_448.png,1,PALSAR: Rough sea / high-wind
palsar_449.png,1,PALSAR: Rough sea / high-wind
palsar_45.png,1,PALSAR: Rough sea / high-wind
palsar_450.png,0,PALSAR: Calm sea / low-wind
palsar_451.png,1,PALSAR: Rough sea / high-wind
palsar_452.png,1,PALSAR: Rough sea / high-wind
palsar_453.png,2,PALSAR: Moderate sea
palsar_454.png,2,PALSAR: Moderate sea
palsar_455.png,1,PALSAR: Rough sea / high-wind
palsar_456.png,1,PALSAR: Rough sea / high-wind
palsar_457.png,2,PALSAR: Moderate sea
palsar_458.png,2,PALSAR: Moderate sea
palsar_459.png,2,PALSAR: Moderate sea
palsar_46.png,2,PALSAR: Moderate sea
palsar_460.png,2,PALSAR: Moderate sea
palsar_461.png,1,PALSAR: Rough sea / high-wind
palsar_462.png,2,PALSAR: Moderate sea
palsar_463.png,1,PALSAR: Rough sea / high-wind
palsar_464.png,1,PALSAR: Rough sea / high-wind
palsar_465.png,1,PALSAR: Rough sea / high-wind
palsar_466.png,2,PALSAR: Moderate sea
palsar_467.png,2,PALSAR: Moderate sea
palsar_468.png,1,PALSAR: Rough sea / high-wind
palsar_469.png,1,PALSAR: Rough sea / high-wind
palsar_47.png,1,PALSAR: Rough sea / high-wind
palsar_470.png,2,PALSAR: Moderate sea
palsar_471.png,2,PALSAR: Moderate sea
palsar_472.png,2,PALSAR: Moderate sea
palsar_473.png,2,PALSAR: Moderate sea
palsar_474.png,2,PALSAR: Moderate sea
palsar_475.png,2,PALSAR: Moderate sea
palsar_476.png,2,PALSAR: Moderate sea
palsar_477.png,2,PALSAR: Moderate sea
palsar_478.png,1,PALSAR: Rough sea / high-wind
palsar_479.png,2,PALSAR: Moderate sea
palsar_48.png,1,PALSAR: Rough sea / high-wind
palsar_480.png,1,PALSAR: Rough sea / high-wind
palsar_481.png,2,PALSAR: Moderate sea
palsar_482.png,1,PALSAR: Rough sea / high-wind
palsar_483.png,2,PALSAR: Moderate sea
palsar_484.png,1,PALSAR: Rough sea / high-wind
palsar_485.png,1,PALSAR: Rough sea / high-wind
palsar_486.png,1,PALSAR: Rough sea / high-wind
palsar_487.png,2,PALSAR: Moderate sea
palsar_488.png,1,PALSAR: Rough sea / high-wind
palsar_489.png,2,PALSAR: Moderate sea
palsar_49.png,1,PALSAR: Rough sea / high-wind
palsar_490.png,1,PALSAR: Rough sea / high-wind
palsar_491.png,1,PALSAR: Rough sea / high-wind
palsar_492.png,0,PALSAR: Calm sea / low-wind
palsar_493.png,1,PALSAR: Rough sea / high-wind
palsar_494.png,2,PALSAR: Moderate sea
palsar_495.png,1,PALSAR: Rough sea / high-wind
palsar_496.png,2,PALSAR: Moderate sea
palsar_497.png,2,PALSAR: Moderate sea
palsar_498.png,0,PALSAR: Calm sea / low-wind
palsar_499.png,0,PALSAR: Calm sea / low-wind
palsar_5.png,1,PALSAR: Rough sea / high-wind
palsar_50.png,1,PALSAR: Rough sea / high-wind
palsar_500.png,1,PALSAR: Rough sea / high-wind
palsar_501.png,1,PALSAR: Rough sea / high-wind
palsar_502.png,2,PALSAR: Moderate sea
palsar_503.png,2,PALSAR: Moderate sea
palsar_504.png,2,PALSAR: Moderate sea
palsar_505.png,1,PALSAR: Rough sea / high-wind
palsar_506.png,2,PALSAR: Moderate sea
palsar_507.png,2,PALSAR: Moderate sea
palsar_508.png,2,PALSAR: Moderate sea
palsar_509.png,2,PALSAR: Moderate sea
palsar_51.png,2,PALSAR: Moderate sea
palsar_510.png,2,PALSAR: Moderate sea
palsar_511.png,1,PALSAR: Rough sea / high-wind
palsar_512.png,2,PALSAR: Moderate sea
palsar_513.png,2,PALSAR: Moderate sea
palsar_514.png,1,PALSAR: Rough sea / high-wind
palsar_515.png,2,PALSAR: Moderate sea
palsar_516.png,1,PALSAR: Rough sea / high-wind
palsar_517.png,1,PALSAR: Rough sea / high-wind
palsar_518.png,1,PALSAR: Rough sea / high-wind
palsar_519.png,0,PALSAR: Calm sea / low-wind
palsar_52.png,0,PALSAR: Calm sea / low-wind
palsar_520.png,2,PALSAR: Moderate sea
palsar_521.png,2,PALSAR: Moderate sea
palsar_522.png,1,PALSAR: Rough sea / high-wind
palsar_523.png,2,PALSAR: Moderate sea
palsar_524.png,0,PALSAR: Calm sea / low-wind
palsar_525.png,2,PALSAR: Moderate sea
palsar_526.png,1,PALSAR: Rough sea / high-wind
palsar_527.png,2,PALSAR: Moderate sea
palsar_528.png,2,PALSAR: Moderate sea
palsar_529.png,2,PALSAR: Moderate sea
palsar_53.png,2,PALSAR: Moderate sea
palsar_530.png,1,PALSAR: Rough sea / high-wind
palsar_531.png,2,PALSAR: Moderate sea
palsar_532.png,1,PALSAR: Rough sea / high-wind
palsar_533.png,0,PALSAR: Calm sea / low-wind
palsar_534.png,1,PALSAR: Rough sea / high-wind
palsar_535.png,1,PALSAR: Rough sea / high-wind
palsar_536.png,1,PALSAR: Rough sea / high-wind
palsar_537.png,2,PALSAR: Moderate sea
palsar_538.png,1,PALSAR: Rough sea / high-wind
palsar_539.png,2,PALSAR: Moderate sea
palsar_54.png,2,PALSAR: Moderate sea
palsar_540.png,2,PALSAR: Moderate sea
palsar_541.png,1,PALSAR: Rough sea / high-wind
palsar_542.png,2,PALSAR: Moderate sea
palsar_543.png,2,PALSAR: Moderate sea
palsar_544.png,1,PALSAR: Rough sea / high-wind
palsar_545.png,2,PALSAR: Moderate sea
palsar_546.png,2,PALSAR: Moderate sea
palsar_547.png,1,PALSAR: Rough sea / high-wind
palsar_548.png,2,PALSAR: Moderate sea
palsar_549.png,2,PALSAR: Moderate sea
palsar_55.png,2,PALSAR: Moderate sea
palsar_550.png,1,PALSAR: Rough sea / high-wind
palsar_551.png,2,PALSAR: Moderate sea
palsar_552.png,2,PALSAR: Moderate sea
palsar_553.png,2,PALSAR: Moderate sea
palsar_554.png,1,PALSAR: Rough sea / high-wind
palsar_555.png,2,PALSAR: Moderate sea
palsar_556.png,1,PALSAR: Rough sea / high-wind
palsar_557.png,1,PALSAR: Rough sea / high-wind
palsar_558.png,1,PALSAR: Rough sea / high-wind
palsar_559.png,1,PALSAR: Rough sea / high-wind
palsar_56.png,1,PALSAR: Rough sea / high-wind
palsar_560.png,2,PALSAR: Moderate sea
palsar_561.png,0,PALSAR: Calm sea / low-wind
palsar_562.png,2,PALSAR: Moderate sea
palsar_563.png,2,PALSAR: Moderate sea
palsar_564.png,2,PALSAR: Moderate sea
palsar_565.png,1,PALSAR: Rough sea / high-wind
palsar_566.png,1,PALSAR: Rough sea / high-wind
palsar_567.png,2,PALSAR: Moderate sea
palsar_568.png,2,PALSAR: Moderate sea
palsar_569.png,2,PALSAR: Moderate sea
palsar_57.png,1,PALSAR: Rough sea / high-wind
palsar_570.png,1,PALSAR: Rough sea / high-wind
palsar_571.png,0,PALSAR: Calm sea / low-wind
palsar_572.png,1,PALSAR: Rough sea / high-wind
palsar_573.png,1,PALSAR: Rough sea / high-wind
palsar_574.png,2,PALSAR: Moderate sea
palsar_575.png,2,PALSAR: Moderate sea
palsar_576.png,2,PALSAR: Moderate sea
palsar_577.png,2,PALSAR: Moderate sea
palsar_578.png,2,PALSAR: Moderate sea
palsar_579.png,2,PALSAR: Moderate sea
palsar_58.png,2,PALSAR: Moderate sea
palsar_580.png,1,PALSAR: Rough sea / high-wind
palsar_581.png,1,PALSAR: Rough sea / high-wind
palsar_582.png,0,PALSAR: Calm sea / low-wind
palsar_583.png,1,PALSAR: Rough sea / high-wind
palsar_584.png,1,PALSAR: Rough sea / high-wind
palsar_585.png,1,PALSAR: Rough sea / high-wind
palsar_586.png,1,PALSAR: Rough sea / high-wind
palsar_587.png,1,PALSAR: Rough sea / high-wind
palsar_588.png,2,PALSAR: Moderate sea
palsar_589.png,2,PALSAR: Moderate sea
palsar_59.png,2,PALSAR: Moderate sea
palsar_590.png,1,PALSAR: Rough sea / high-wind
palsar_591.png,2,PALSAR: Moderate sea
palsar_592.png,0,PALSAR: Calm sea / low-wind
palsar_593.png,1,PALSAR: Rough sea / high-wind
palsar_594.png,1,PALSAR: Rough sea / high-wind
palsar_595.png,1,PALSAR: Rough sea / high-wind
palsar_596.png,1,PALSAR: Rough sea / high-wind
palsar_597.png,1,PALSAR: Rough sea / high-wind
palsar_598.png,2,PALSAR: Moderate sea
palsar_599.png,0,PALSAR: Calm sea / low-wind
palsar_6.png,2,PALSAR: Moderate sea
palsar_60.png,2,PALSAR: Moderate sea
palsar_600.png,0,PALSAR: Calm sea / low-wind
palsar_601.png,1,PALSAR: Rough sea / high-wind
palsar_602.png,2,PALSAR: Moderate sea
palsar_603.png,2,PALSAR: Moderate sea
palsar_604.png,1,PALSAR: Rough sea / high-wind
palsar_605.png,1,PALSAR: Rough sea / high-wind
palsar_606.png,1,PALSAR: Rough sea / high-wind
palsar_607.png,1,PALSAR: Rough sea / high-wind
palsar_608.png,1,PALSAR: Rough sea / high-wind
palsar_609.png,1,PALSAR: Rough sea / high-wind
palsar_61.png,1,PALSAR: Rough sea / high-wind
palsar_610.png,1,PALSAR: Rough sea / high-wind
palsar_611.png,0,PALSAR: Calm sea / low-wind
palsar_612.png,2,PALSAR: Moderate sea
palsar_613.png,2,PALSAR: Moderate sea
palsar_614.png,2,PALSAR: Moderate sea
palsar_615.png,2,PALSAR: Moderate sea
palsar_616.png,1,PALSAR: Rough sea / high-wind
palsar_617.png,2,PALSAR: Moderate sea
palsar_618.png,1,PALSAR: Rough sea / high-wind
palsar_619.png,1,PALSAR: Rough sea / high-wind
palsar_62.png,0,PALSAR: Calm sea / low-wind
palsar_620.png,2,PALSAR: Moderate sea
palsar_621.png,1,PALSAR: Rough sea / high-wind
palsar_622.png,2,PALSAR: Moderate sea
palsar_623.png,1,PALSAR: Rough sea / high-wind
palsar_624.png,1,PALSAR: Rough sea / high-wind
palsar_625.png,2,PALSAR: Moderate sea
palsar_626.png,1,PALSAR: Rough sea / high-wind
palsar_627.png,1,PALSAR: Rough sea / high-wind
palsar_628.png,1,PALSAR: Rough sea / high-wind
palsar_629.png,1,PALSAR: Rough sea / high-wind
palsar_63.png,1,PALSAR: Rough sea / high-wind
palsar_630.png,2,PALSAR: Moderate sea
palsar_631.png,2,PALSAR: Moderate sea
palsar_632.png,1,PALSAR: Rough sea / high-wind
palsar_633.png,2,PALSAR: Moderate sea
palsar_634.png,1,PALSAR: Rough sea / high-wind
palsar_635.png,1,PALSAR: Rough sea / high-wind
palsar_636.png,2,PALSAR: Moderate sea
palsar_637.png,1,PALSAR: Rough sea / high-wind
palsar_638.png,2,PALSAR: Moderate sea
palsar_639.png,0,PALSAR: Calm sea / low-wind
palsar_64.png,1,PALSAR: Rough sea / high-wind
palsar_640.png,2,PALSAR: Moderate sea
palsar_641.png,2,PALSAR: Moderate sea
palsar_642.png,2,PALSAR: Moderate sea
palsar_643.png,1,PALSAR: Rough sea / high-wind
palsar_644.png,1,PALSAR: Rough sea / high-wind
palsar_645.png,1,PALSAR: Rough sea / high-wind
palsar_646.png,0,PALSAR: Calm sea / low-wind
palsar_647.png,2,PALSAR: Moderate sea
palsar_648.png,1,PALSAR: Rough sea / high-wind
palsar_649.png,1,PALSAR: Rough sea / high-wind
palsar_65.png,2,PALSAR: Moderate sea
palsar_650.png,2,PALSAR: Moderate sea
palsar_651.png,1,PALSAR: Rough sea / high-wind
palsar_652.png,0,PALSAR: Calm sea / low-wind
palsar_653.png,2,PALSAR: Moderate sea
palsar_654.png,2,PALSAR: Moderate sea
palsar_655.png,1,PALSAR: Rough sea / high-wind
palsar_656.png,2,PALSAR: Moderate sea
palsar_657.png,2,PALSAR: Moderate sea
palsar_658.png,2,PALSAR: Moderate sea
palsar_659.png,1,PALSAR: Rough sea / high-wind
palsar_66.png,2,PALSAR: Moderate sea
palsar_660.png,1,PALSAR: Rough sea / high-wind
palsar_661.png,1,PALSAR: Rough sea / high-wind
palsar_662.png,2,PALSAR: Moderate sea
palsar_663.png,2,PALSAR: Moderate sea
palsar_664.png,1,PALSAR: Rough sea / high-wind
palsar_665.png,1,PALSAR: Rough sea / high-wind
palsar_666.png,2,PALSAR: Moderate sea
palsar_667.png,2,PALSAR: Moderate sea
palsar_668.png,2,PALSAR: Moderate sea
palsar_669.png,1,PALSAR: Rough sea / high-wind
palsar_67.png,2,PALSAR: Moderate sea
palsar_670.png,1,PALSAR: Rough sea / high-wind
palsar_671.png,2,PALSAR: Moderate sea
palsar_672.png,1,PALSAR: Rough sea / high-wind
palsar_673.png,2,PALSAR: Moderate sea
palsar_674.png,1,PALSAR: Rough sea / high-wind
palsar_675.png,1,PALSAR: Rough sea / high-wind
palsar_676.png,1,PALSAR: Rough sea / high-wind
palsar_677.png,0,PALSAR: Calm sea / low-wind
palsar_678.png,2,PALSAR: Moderate sea
palsar_679.png,0,PALSAR: Calm sea / low-wind
palsar_68.png,2,PALSAR: Moderate sea
palsar_680.png,1,PALSAR: Rough sea / high-wind
palsar_681.png,1,PALSAR: Rough sea / high-wind
palsar_682.png,2,PALSAR: Moderate sea
palsar_683.png,1,PALSAR: Rough sea / high-wind
palsar_684.png,0,PALSAR: Calm sea / low-wind
palsar_685.png,2,PALSAR: Moderate sea
palsar_686.png,0,PALSAR: Calm sea / low-wind
palsar_687.png,0,PALSAR: Calm sea / low-wind
palsar_688.png,1,PALSAR: Rough sea / high-wind
palsar_689.png,0,PALSAR: Calm sea / low-wind
palsar_69.png,2,PALSAR: Moderate sea
palsar_690.png,2,PALSAR: Moderate sea
palsar_691.png,2,PALSAR: Moderate sea
palsar_692.png,2,PALSAR: Moderate sea
palsar_693.png,2,PALSAR: Moderate sea
palsar_694.png,1,PALSAR: Rough sea / high-wind
palsar_695.png,1,PALSAR: Rough sea / high-wind
palsar_696.png,2,PALSAR: Moderate sea
palsar_697.png,1,PALSAR: Rough sea / high-wind
palsar_698.png,2,PALSAR: Moderate sea
palsar_699.png,2,PALSAR: Moderate sea
palsar_7.png,1,PALSAR: Rough sea / high-wind
palsar_70.png,2,PALSAR: Moderate sea
palsar_700.png,2,PALSAR: Moderate sea
palsar_701.png,0,PALSAR: Calm sea / low-wind
palsar_702.png,0,PALSAR: Calm sea / low-wind
palsar_703.png,1,PALSAR: Rough sea / high-wind
palsar_704.png,0,PALSAR: Calm sea / low-wind
palsar_705.png,1,PALSAR: Rough sea / high-wind
palsar_706.png,1,PALSAR: Rough sea / high-wind
palsar_707.png,2,PALSAR: Moderate sea
palsar_708.png,0,PALSAR: Calm sea / low-wind
palsar_709.png,1,PALSAR: Rough sea / high-wind
palsar_71.png,1,PALSAR: Rough sea / high-wind
palsar_710.png,1,PALSAR: Rough sea / high-wind
palsar_711.png,2,PALSAR: Moderate sea
palsar_712.png,2,PALSAR: Moderate sea
palsar_713.png,1,PALSAR: Rough sea / high-wind
palsar_714.png,1,PALSAR: Rough sea / high-wind
palsar_715.png,2,PALSAR: Moderate sea
palsar_716.png,2,PALSAR: Moderate sea
palsar_717.png,1,PALSAR: Rough sea / high-wind
palsar_718.png,2,PALSAR: Moderate sea
palsar_719.png,1,PALSAR: Rough sea / high-wind
palsar_72.png,1,PALSAR: Rough sea / high-wind
palsar_720.png,1,PALSAR: Rough sea / high-wind
palsar_721.png,2,PALSAR: Moderate sea
palsar_722.png,1,PALSAR: Rough sea / high-wind
palsar_723.png,1,PALSAR: Rough sea / high-wind
palsar_724.png,0,PALSAR: Calm sea / low-wind
palsar_725.png,1,PALSAR: Rough sea / high-wind
palsar_726.png,1,PALSAR: Rough sea / high-wind
palsar_727.png,0,PALSAR: Calm sea / low-wind
palsar_728.png,1,PALSAR: Rough sea / high-wind
palsar_729.png,1,PALSAR: Rough sea / high-wind
palsar_73.png,0,PALSAR: Calm sea / low-wind
palsar_730.png,2,PALSAR: Moderate sea
palsar_731.png,1,PALSAR: Rough sea / high-wind
palsar_732.png,1,PALSAR: Rough sea / high-wind
palsar_733.png,2,PALSAR: Moderate sea
palsar_734.png,0,PALSAR: Calm sea / low-wind
palsar_735.png,2,PALSAR: Moderate sea
palsar_736.png,2,PALSAR: Moderate sea
palsar_737.png,1,PALSAR: Rough sea / high-wind
palsar_738.png,1,PALSAR: Rough sea / high-wind
palsar_739.png,2,PALSAR: Moderate sea
palsar_74.png,1,PALSAR: Rough sea / high-wind
palsar_740.png,2,PALSAR: Moderate sea
palsar_741.png,2,PALSAR: Moderate sea
palsar_742.png,2,PALSAR: Moderate sea
palsar_743.png,2,PALSAR: Moderate sea
palsar_744.png,1,PALSAR: Rough sea / high-wind
palsar_745.png,1,PALSAR: Rough sea / high-wind
palsar_746.png,1,PALSAR: Rough sea / high-wind
palsar_747.png,0,PALSAR: Calm sea / low-wind
palsar_748.png,2,PALSAR: Moderate sea
palsar_749.png,2,PALSAR: Moderate sea
palsar_75.png,1,PALSAR: Rough sea / high-wind
palsar_750.png,2,PALSAR: Moderate sea
palsar_751.png,1,PALSAR: Rough sea / high-wind
palsar_752.png,2,PALSAR: Moderate sea
palsar_753.png,1,PALSAR: Rough sea / high-wind
palsar_754.png,2,PALSAR: Moderate sea
palsar_755.png,1,PALSAR: Rough sea / high-wind
palsar_756.png,2,PALSAR: Moderate sea
palsar_757.png,1,PALSAR: Rough sea / high-wind
palsar_758.png,1,PALSAR: Rough sea / high-wind
palsar_759.png,0,PALSAR: Calm sea / low-wind
palsar_76.png,1,PALSAR: Rough sea / high-wind
palsar_760.png,1,PALSAR: Rough sea / high-wind
palsar_761.png,1,PALSAR: Rough sea / high-wind
palsar_762.png,1,PALSAR: Rough sea / high-wind
palsar_763.png,1,PALSAR: Rough sea / high-wind
palsar_764.png,1,PALSAR: Rough sea / high-wind
palsar_765.png,1,PALSAR: Rough sea / high-wind
palsar_766.png,2,PALSAR: Moderate sea
palsar_767.png,0,PALSAR: Calm sea / low-wind
palsar_768.png,0,PALSAR: Calm sea / low-wind
palsar_769.png,2,PALSAR: Moderate sea
palsar_77.png,1,PALSAR: Rough sea / high-wind
palsar_770.png,2,PALSAR: Moderate sea
palsar_771.png,1,PALSAR: Rough sea / high-wind
palsar_772.png,2,PALSAR: Moderate sea
palsar_773.png,1,PALSAR: Rough sea / high-wind
palsar_774.png,0,PALSAR: Calm sea / low-wind
palsar_775.png,2,PALSAR: Moderate sea
palsar_78.png,1,PALSAR: Rough sea / high-wind
palsar_79.png,2,PALSAR: Moderate sea
palsar_8.png,1,PALSAR: Rough sea / high-wind
palsar_80.png,2,PALSAR: Moderate sea
palsar_81.png,1,PALSAR: Rough sea / high-wind
palsar_82.png,2,PALSAR: Moderate sea
palsar_83.png,0,PALSAR: Calm sea / low-wind
palsar_84.png,1,PALSAR: Rough sea / high-wind
palsar_85.png,1,PALSAR: Rough sea / high-wind
palsar_86.png,1,PALSAR: Rough sea / high-wind
palsar_87.png,1,PALSAR: Rough sea / high-wind
palsar_88.png,2,PALSAR: Moderate sea
palsar_89.png,2,PALSAR: Moderate sea
palsar_9.png,1,PALSAR: Rough sea / high-wind
palsar_90.png,0,PALSAR: Calm sea / low-wind
palsar_91.png,0,PALSAR: Calm sea / low-wind
palsar_92.png,1,PALSAR: Rough sea / high-wind
palsar_93.png,2,PALSAR: Moderate sea
palsar_94.png,2,PALSAR: Moderate sea
palsar_95.png,1,PALSAR: Rough sea / high-wind
palsar_96.png,1,PALSAR: Rough sea / high-wind
palsar_97.png,1,PALSAR: Rough sea / high-wind
palsar_98.png,1,PALSAR: Rough sea / high-wind
palsar_99.png,1,PALSAR: Rough sea / high-wind
sentinel_0.png,3,SENTINEL: Rough sea / high-wind
sentinel_1.png,3,SENTINEL: Rough sea / high-wind
sentinel_10.png,4,SENTINEL: Moderate sea
sentinel_100.png,3,SENTINEL: Rough sea / high-wind
sentinel_101.png,4,SENTINEL: Moderate sea
sentinel_102.png,4,SENTINEL: Moderate sea
sentinel_103.png,4,SENTINEL: Moderate sea
sentinel_104.png,4,SENTINEL: Moderate sea
sentinel_105.png,4,SENTINEL: Moderate sea
sentinel_106.png,4,SENTINEL: Moderate sea
sentinel_107.png,4,SENTINEL: Moderate sea
sentinel_108.png,4,SENTINEL: Moderate sea
sentinel_109.png,3,SENTINEL: Rough sea / high-wind
sentinel_11.png,4,SENTINEL: Moderate sea
sentinel_110.png,4,SENTINEL: Moderate sea
sentinel_111.png,4,SENTINEL: Moderate sea
sentinel_112.png,4,SENTINEL: Moderate sea
sentinel_113.png,4,SENTINEL: Moderate sea
sentinel_114.png,4,SENTINEL: Moderate sea
sentinel_115.png,4,SENTINEL: Moderate sea
sentinel_116.png,4,SENTINEL: Moderate sea
sentinel_117.png,4,SENTINEL: Moderate sea
sentinel_118.png,4,SENTINEL: Moderate sea
sentinel_119.png,4,SENTINEL: Moderate sea
sentinel_12.png,4,SENTINEL: Moderate sea
sentinel_120.png,4,SENTINEL: Moderate sea
sentinel_121.png,4,SENTINEL: Moderate sea
sentinel_122.png,3,SENTINEL: Rough sea / high-wind
sentinel_123.png,4,SENTINEL: Moderate sea
sentinel_124.png,3,SENTINEL: Rough sea / high-wind
sentinel_125.png,4,SENTINEL: Moderate sea
sentinel_126.png,4,SENTINEL: Moderate sea
sentinel_127.png,4,SENTINEL: Moderate sea
sentinel_128.png,4,SENTINEL: Moderate sea
sentinel_129.png,4,SENTINEL: Moderate sea
sentinel_13.png,4,SENTINEL: Moderate sea
sentinel_130.png,3,SENTINEL: Rough sea / high-wind
sentinel_131.png,3,SENTINEL: Rough sea / high-wind
sentinel_132.png,4,SENTINEL: Moderate sea
sentinel_133.png,4,SENTINEL: Moderate sea
sentinel_134.png,3,SENTINEL: Rough sea / high-wind
sentinel_135.png,3,SENTINEL: Rough sea / high-wind
sentinel_136.png,4,SENTINEL: Moderate sea
sentinel_137.png,4,SENTINEL: Moderate sea
sentinel_138.png,4,SENTINEL: Moderate sea
sentinel_139.png,4,SENTINEL: Moderate sea
sentinel_14.png,3,SENTINEL: Rough sea / high-wind
sentinel_140.png,3,SENTINEL: Rough sea / high-wind
sentinel_141.png,3,SENTINEL: Rough sea / high-wind
sentinel_142.png,3,SENTINEL: Rough sea / high-wind
sentinel_143.png,3,SENTINEL: Rough sea / high-wind
sentinel_144.png,4,SENTINEL: Moderate sea
sentinel_145.png,3,SENTINEL: Rough sea / high-wind
sentinel_146.png,4,SENTINEL: Moderate sea
sentinel_147.png,4,SENTINEL: Moderate sea
sentinel_148.png,4,SENTINEL: Moderate sea
sentinel_149.png,4,SENTINEL: Moderate sea
sentinel_15.png,4,SENTINEL: Moderate sea
sentinel_150.png,4,SENTINEL: Moderate sea
sentinel_151.png,4,SENTINEL: Moderate sea
sentinel_152.png,3,SENTINEL: Rough sea / high-wind
sentinel_153.png,4,SENTINEL: Moderate sea
sentinel_154.png,3,SENTINEL: Rough sea / high-wind
sentinel_155.png,4,SENTINEL: Moderate sea
sentinel_156.png,4,SENTINEL: Moderate sea
sentinel_157.png,4,SENTINEL: Moderate sea
sentinel_158.png,3,SENTINEL: Rough sea / high-wind
sentinel_159.png,4,SENTINEL: Moderate sea
sentinel_16.png,3,SENTINEL: Rough sea / high-wind
sentinel_160.png,4,SENTINEL: Moderate sea
sentinel_161.png,3,SENTINEL: Rough sea / high-wind
sentinel_162.png,3,SENTINEL: Rough sea / high-wind
sentinel_163.png,3,SENTINEL: Rough sea / high-wind
sentinel_164.png,3,SENTINEL: Rough sea / high-wind
sentinel_165.png,3,SENTINEL: Rough sea / high-wind
sentinel_166.png,4,SENTINEL: Moderate sea
sentinel_167.png,4,SENTINEL: Moderate sea
sentinel_168.png,4,SENTINEL: Moderate sea
sentinel_169.png,3,SENTINEL: Rough sea / high-wind
sentinel_17.png,4,SENTINEL: Moderate sea
sentinel_170.png,4,SENTINEL: Moderate sea
sentinel_171.png,3,SENTINEL: Rough sea / high-wind
sentinel_172.png,4,SENTINEL: Moderate sea
sentinel_173.png,4,SENTINEL: Moderate sea
sentinel_174.png,4,SENTINEL: Moderate sea
sentinel_175.png,3,SENTINEL: Rough sea / high-wind
sentinel_176.png,4,SENTINEL: Moderate sea
sentinel_177.png,4,SENTINEL: Moderate sea
sentinel_178.png,4,SENTINEL: Moderate sea
sentinel_179.png,3,SENTINEL: Rough sea / high-wind
sentinel_18.png,4,SENTINEL: Moderate sea
sentinel_180.png,4,SENTINEL: Moderate sea
sentinel_181.png,3,SENTINEL: Rough sea / high-wind
sentinel_182.png,3,SENTINEL: Rough sea / high-wind
sentinel_183.png,4,SENTINEL: Moderate sea
sentinel_184.png,3,SENTINEL: Rough sea / high-wind
sentinel_185.png,4,SENTINEL: Moderate sea
sentinel_186.png,4,SENTINEL: Moderate sea
sentinel_187.png,4,SENTINEL: Moderate sea
sentinel_188.png,3,SENTINEL: Rough sea / high-wind
sentinel_189.png,4,SENTINEL: Moderate sea
sentinel_19.png,4,SENTINEL: Moderate sea
sentinel_190.png,4,SENTINEL: Moderate sea
sentinel_191.png,4,SENTINEL: Moderate sea
sentinel_192.png,5,SENTINEL: Calm sea / low-wind
sentinel_193.png,4,SENTINEL: Moderate sea
sentinel_194.png,4,SENTINEL: Moderate sea
sentinel_195.png,3,SENTINEL: Rough sea / high-wind
sentinel_196.png,3,SENTINEL: Rough sea / high-wind
sentinel_197.png,4,SENTINEL: Moderate sea
sentinel_198.png,3,SENTINEL: Rough sea / high-wind
sentinel_199.png,4,SENTINEL: Moderate sea
sentinel_2.png,4,SENTINEL: Moderate sea
sentinel_20.png,4,SENTINEL: Moderate sea
sentinel_200.png,4,SENTINEL: Moderate sea
sentinel_201.png,3,SENTINEL: Rough sea / high-wind
sentinel_202.png,4,SENTINEL: Moderate sea
sentinel_203.png,4,SENTINEL: Moderate sea
sentinel_204.png,4,SENTINEL: Moderate sea
sentinel_205.png,4,SENTINEL: Moderate sea
sentinel_206.png,3,SENTINEL: Rough sea / high-wind
sentinel_207.png,4,SENTINEL: Moderate sea
sentinel_208.png,4,SENTINEL: Moderate sea
sentinel_209.png,3,SENTINEL: Rough sea / high-wind
sentinel_21.png,4,SENTINEL: Moderate sea
sentinel_210.png,4,SENTINEL: Moderate sea
sentinel_211.png,4,SENTINEL: Moderate sea
sentinel_212.png,4,SENTINEL: Moderate sea
sentinel_213.png,3,SENTINEL: Rough sea / high-wind
sentinel_214.png,4,SENTINEL: Moderate sea
sentinel_215.png,3,SENTINEL: Rough sea / high-wind
sentinel_216.png,3,SENTINEL: Rough sea / high-wind
sentinel_217.png,3,SENTINEL: Rough sea / high-wind
sentinel_218.png,4,SENTINEL: Moderate sea
sentinel_219.png,4,SENTINEL: Moderate sea
sentinel_22.png,4,SENTINEL: Moderate sea
sentinel_220.png,4,SENTINEL: Moderate sea
sentinel_221.png,4,SENTINEL: Moderate sea
sentinel_222.png,3,SENTINEL: Rough sea / high-wind
sentinel_223.png,4,SENTINEL: Moderate sea
sentinel_224.png,4,SENTINEL: Moderate sea
sentinel_225.png,4,SENTINEL: Moderate sea
sentinel_226.png,4,SENTINEL: Moderate sea
sentinel_227.png,4,SENTINEL: Moderate sea
sentinel_228.png,4,SENTINEL: Moderate sea
sentinel_229.png,3,SENTINEL: Rough sea / high-wind
sentinel_23.png,4,SENTINEL: Moderate sea
sentinel_230.png,3,SENTINEL: Rough sea / high-wind
sentinel_231.png,4,SENTINEL: Moderate sea
sentinel_232.png,3,SENTINEL: Rough sea / high-wind
sentinel_233.png,3,SENTINEL: Rough sea / high-wind
sentinel_234.png,4,SENTINEL: Moderate sea
sentinel_235.png,4,SENTINEL: Moderate sea
sentinel_236.png,3,SENTINEL: Rough sea / high-wind
sentinel_237.png,3,SENTINEL: Rough sea / high-wind
sentinel_238.png,3,SENTINEL: Rough sea / high-wind
sentinel_239.png,4,SENTINEL: Moderate sea
sentinel_24.png,4,SENTINEL: Moderate sea
sentinel_240.png,4,SENTINEL: Moderate sea
sentinel_241.png,4,SENTINEL: Moderate sea
sentinel_242.png,3,SENTINEL: Rough sea / high-wind
sentinel_243.png,3,SENTINEL: Rough sea / high-wind
sentinel_244.png,4,SENTINEL: Moderate sea
sentinel_245.png,4,SENTINEL: Moderate sea
sentinel_246.png,4,SENTINEL: Moderate sea
sentinel_247.png,4,SENTINEL: Moderate sea
sentinel_248.png,4,SENTINEL: Moderate sea
sentinel_249.png,4,SENTINEL: Moderate sea
sentinel_25.png,3,SENTINEL: Rough sea / high-wind
sentinel_250.png,4,SENTINEL: Moderate sea
sentinel_251.png,3,SENTINEL: Rough sea / high-wind
sentinel_252.png,4,SENTINEL: Moderate sea
sentinel_253.png,4,SENTINEL: Moderate sea
sentinel_254.png,4,SENTINEL: Moderate sea
sentinel_255.png,3,SENTINEL: Rough sea / high-wind
sentinel_256.png,4,SENTINEL: Moderate sea
sentinel_257.png,4,SENTINEL: Moderate sea
sentinel_258.png,4,SENTINEL: Moderate sea
sentinel_259.png,4,SENTINEL: Moderate sea
sentinel_26.png,5,SENTINEL: Calm sea / low-wind
sentinel_260.png,4,SENTINEL: Moderate sea
sentinel_261.png,5,SENTINEL: Calm sea / low-wind
sentinel_262.png,4,SENTINEL: Moderate sea
sentinel_263.png,4,SENTINEL: Moderate sea
sentinel_264.png,3,SENTINEL: Rough sea / high-wind
sentinel_265.png,4,SENTINEL: Moderate sea
sentinel_266.png,4,SENTINEL: Moderate sea
sentinel_267.png,4,SENTINEL: Moderate sea
sentinel_268.png,4,SENTINEL: Moderate sea
sentinel_269.png,3,SENTINEL: Rough sea / high-wind
sentinel_27.png,3,SENTINEL: Rough sea / high-wind
sentinel_270.png,4,SENTINEL: Moderate sea
sentinel_271.png,4,SENTINEL: Moderate sea
sentinel_272.png,4,SENTINEL: Moderate sea
sentinel_273.png,4,SENTINEL: Moderate sea
sentinel_274.png,4,SENTINEL: Moderate sea
sentinel_275.png,4,SENTINEL: Moderate sea
sentinel_276.png,3,SENTINEL: Rough sea / high-wind
sentinel_277.png,3,SENTINEL: Rough sea / high-wind
sentinel_278.png,3,SENTINEL: Rough sea / high-wind
sentinel_279.png,4,SENTINEL: Moderate sea
sentinel_28.png,3,SENTINEL: Rough sea / high-wind
sentinel_280.png,4,SENTINEL: Moderate sea
sentinel_281.png,3,SENTINEL: Rough sea / high-wind
sentinel_282.png,4,SENTINEL: Moderate sea
sentinel_283.png,4,SENTINEL: Moderate sea
sentinel_284.png,4,SENTINEL: Moderate sea
sentinel_285.png,3,SENTINEL: Rough sea / high-wind
sentinel_286.png,4,SENTINEL: Moderate sea
sentinel_287.png,4,SENTINEL: Moderate sea
sentinel_288.png,4,SENTINEL: Moderate sea
sentinel_289.png,4,SENTINEL: Moderate sea
sentinel_29.png,3,SENTINEL: Rough sea / high-wind
sentinel_290.png,3,SENTINEL: Rough sea / high-wind
sentinel_291.png,4,SENTINEL: Moderate sea
sentinel_292.png,3,SENTINEL: Rough sea / high-wind
sentinel_293.png,4,SENTINEL: Moderate sea
sentinel_294.png,3,SENTINEL: Rough sea / high-wind
sentinel_295.png,5,SENTINEL: Calm sea / low-wind
sentinel_296.png,4,SENTINEL: Moderate sea
sentinel_297.png,4,SENTINEL: Moderate sea
sentinel_298.png,3,SENTINEL: Rough sea / high-wind
sentinel_299.png,4,SENTINEL: Moderate sea
sentinel_3.png,3,SENTINEL: Rough sea / high-wind
sentinel_30.png,4,SENTINEL: Moderate sea
sentinel_300.png,4,SENTINEL: Moderate sea
sentinel_301.png,3,SENTINEL: Rough sea / high-wind
sentinel_302.png,4,SENTINEL: Moderate sea
sentinel_303.png,3,SENTINEL: Rough sea / high-wind
sentinel_304.png,4,SENTINEL: Moderate sea
sentinel_305.png,4,SENTINEL: Moderate sea
sentinel_306.png,4,SENTINEL: Moderate sea
sentinel_307.png,3,SENTINEL: Rough sea / high-wind
sentinel_308.png,3,SENTINEL: Rough sea / high-wind
sentinel_309.png,4,SENTINEL: Moderate sea
sentinel_31.png,4,SENTINEL: Moderate sea
sentinel_310.png,4,SENTINEL: Moderate sea
sentinel_311.png,4,SENTINEL: Moderate sea
sentinel_312.png,4,SENTINEL: Moderate sea
sentinel_313.png,3,SENTINEL: Rough sea / high-wind
sentinel_314.png,4,SENTINEL: Moderate sea
sentinel_315.png,3,SENTINEL: Rough sea / high-wind
sentinel_316.png,4,SENTINEL: Moderate sea
sentinel_317.png,3,SENTINEL: Rough sea / high-wind
sentinel_318.png,4,SENTINEL: Moderate sea
sentinel_319.png,4,SENTINEL: Moderate sea
sentinel_32.png,4,SENTINEL: Moderate sea
sentinel_320.png,4,SENTINEL: Moderate sea
sentinel_321.png,4,SENTINEL: Moderate sea
sentinel_322.png,4,SENTINEL: Moderate sea
sentinel_323.png,4,SENTINEL: Moderate sea
sentinel_324.png,3,SENTINEL: Rough sea / high-wind
sentinel_325.png,4,SENTINEL: Moderate sea
sentinel_326.png,3,SENTINEL: Rough sea / high-wind
sentinel_327.png,4,SENTINEL: Moderate sea
sentinel_328.png,3,SENTINEL: Rough sea / high-wind
sentinel_329.png,4,SENTINEL: Moderate sea
sentinel_33.png,4,SENTINEL: Moderate sea
sentinel_330.png,4,SENTINEL: Moderate sea
sentinel_331.png,4,SENTINEL: Moderate sea
sentinel_332.png,4,SENTINEL: Moderate sea
sentinel_333.png,4,SENTINEL: Moderate sea
sentinel_334.png,3,SENTINEL: Rough sea / high-wind
sentinel_335.png,4,SENTINEL: Moderate sea
sentinel_336.png,5,SENTINEL: Calm sea / low-wind
sentinel_337.png,3,SENTINEL: Rough sea / high-wind
sentinel_338.png,4,SENTINEL: Moderate sea
sentinel_339.png,4,SENTINEL: Moderate sea
sentinel_34.png,3,SENTINEL: Rough sea / high-wind
sentinel_340.png,4,SENTINEL: Moderate sea
sentinel_341.png,4,SENTINEL: Moderate sea
sentinel_342.png,3,SENTINEL: Rough sea / high-wind
sentinel_343.png,4,SENTINEL: Moderate sea
sentinel_344.png,4,SENTINEL: Moderate sea
sentinel_345.png,4,SENTINEL: Moderate sea
sentinel_346.png,3,SENTINEL: Rough sea / high-wind
sentinel_347.png,4,SENTINEL: Moderate sea
sentinel_348.png,4,SENTINEL: Moderate sea
sentinel_349.png,3,SENTINEL: Rough sea / high-wind
sentinel_35.png,4,SENTINEL: Moderate sea
sentinel_350.png,4,SENTINEL: Moderate sea
sentinel_351.png,4,SENTINEL: Moderate sea
sentinel_352.png,4,SENTINEL: Moderate sea
sentinel_353.png,4,SENTINEL: Moderate sea
sentinel_354.png,4,SENTINEL: Moderate sea
sentinel_355.png,3,SENTINEL: Rough sea / high-wind
sentinel_356.png,4,SENTINEL: Moderate sea
sentinel_357.png,3,SENTINEL: Rough sea / high-wind
sentinel_358.png,4,SENTINEL: Moderate sea
sentinel_359.png,3,SENTINEL: Rough sea / high-wind
sentinel_36.png,4,SENTINEL: Moderate sea
sentinel_360.png,4,SENTINEL: Moderate sea
sentinel_361.png,4,SENTINEL: Moderate sea
sentinel_362.png,4,SENTINEL: Moderate sea
sentinel_363.png,4,SENTINEL: Moderate sea
sentinel_364.png,4,SENTINEL: Moderate sea
sentinel_365.png,4,SENTINEL: Moderate sea
sentinel_366.png,3,SENTINEL: Rough sea / high-wind
sentinel_367.png,4,SENTINEL: Moderate sea
sentinel_368.png,4,SENTINEL: Moderate sea
sentinel_369.png,4,SENTINEL: Moderate sea
sentinel_37.png,4,SENTINEL: Moderate sea
sentinel_370.png,3,SENTINEL: Rough sea / high-wind
sentinel_371.png,3,SENTINEL: Rough sea / high-wind
sentinel_372.png,4,SENTINEL: Moderate sea
sentinel_373.png,4,SENTINEL: Moderate sea
sentinel_374.png,4,SENTINEL: Moderate sea
sentinel_375.png,3,SENTINEL: Rough sea / high-wind
sentinel_376.png,3,SENTINEL: Rough sea / high-wind
sentinel_377.png,4,SENTINEL: Moderate sea
sentinel_378.png,4,SENTINEL: Moderate sea
sentinel_379.png,3,SENTINEL: Rough sea / high-wind
sentinel_38.png,4,SENTINEL: Moderate sea
sentinel_380.png,3,SENTINEL: Rough sea / high-wind
sentinel_381.png,4,SENTINEL: Moderate sea
sentinel_382.png,4,SENTINEL: Moderate sea
sentinel_383.png,4,SENTINEL: Moderate sea
sentinel_384.png,4,SENTINEL: Moderate sea
sentinel_385.png,3,SENTINEL: Rough sea / high-wind
sentinel_386.png,3,SENTINEL: Rough sea / high-wind
sentinel_387.png,3,SENTINEL: Rough sea / high-wind
sentinel_388.png,4,SENTINEL: Moderate sea
sentinel_389.png,4,SENTINEL: Moderate sea
sentinel_39.png,3,SENTINEL: Rough sea / high-wind
sentinel_390.png,4,SENTINEL: Moderate sea
sentinel_391.png,4,SENTINEL: Moderate sea
sentinel_392.png,4,SENTINEL: Moderate sea
sentinel_393.png,3,SENTINEL: Rough sea / high-wind
sentinel_394.png,4,SENTINEL: Moderate sea
sentinel_395.png,4,SENTINEL: Moderate sea
sentinel_396.png,5,SENTINEL: Calm sea / low-wind
sentinel_397.png,3,SENTINEL: Rough sea / high-wind
sentinel_398.png,3,SENTINEL: Rough sea / high-wind
sentinel_399.png,3,SENTINEL: Rough sea / high-wind
sentinel_4.png,4,SENTINEL: Moderate sea
sentinel_40.png,3,SENTINEL: Rough sea / high-wind
sentinel_400.png,4,SENTINEL: Moderate sea
sentinel_401.png,3,SENTINEL: Rough sea / high-wind
sentinel_402.png,4,SENTINEL: Moderate sea
sentinel_403.png,3,SENTINEL: Rough sea / high-wind
sentinel_404.png,4,SENTINEL: Moderate sea
sentinel_405.png,3,SENTINEL: Rough sea / high-wind
sentinel_406.png,4,SENTINEL: Moderate sea
sentinel_407.png,4,SENTINEL: Moderate sea
sentinel_408.png,4,SENTINEL: Moderate sea
sentinel_409.png,3,SENTINEL: Rough sea / high-wind
sentinel_41.png,3,SENTINEL: Rough sea / high-wind
sentinel_410.png,3,SENTINEL: Rough sea / high-wind
sentinel_411.png,3,SENTINEL: Rough sea / high-wind
sentinel_412.png,3,SENTINEL: Rough sea / high-wind
sentinel_413.png,4,SENTINEL: Moderate sea
sentinel_414.png,4,SENTINEL: Moderate sea
sentinel_415.png,4,SENTINEL: Moderate sea
sentinel_416.png,4,SENTINEL: Moderate sea
sentinel_417.png,3,SENTINEL: Rough sea / high-wind
sentinel_418.png,4,SENTINEL: Moderate sea
sentinel_419.png,4,SENTINEL: Moderate sea
sentinel_42.png,4,SENTINEL: Moderate sea
sentinel_420.png,3,SENTINEL: Rough sea / high-wind
sentinel_421.png,4,SENTINEL: Moderate sea
sentinel_422.png,4,SENTINEL: Moderate sea
sentinel_423.png,4,SENTINEL: Moderate sea
sentinel_424.png,4,SENTINEL: Moderate sea
sentinel_425.png,3,SENTINEL: Rough sea / high-wind
sentinel_426.png,4,SENTINEL: Moderate sea
sentinel_427.png,4,SENTINEL: Moderate sea
sentinel_428.png,4,SENTINEL: Moderate sea
sentinel_429.png,3,SENTINEL: Rough sea / high-wind
sentinel_43.png,3,SENTINEL: Rough sea / high-wind
sentinel_430.png,4,SENTINEL: Moderate sea
sentinel_431.png,4,SENTINEL: Moderate sea
sentinel_432.png,4,SENTINEL: Moderate sea
sentinel_433.png,3,SENTINEL: Rough sea / high-wind
sentinel_434.png,4,SENTINEL: Moderate sea
sentinel_435.png,4,SENTINEL: Moderate sea
sentinel_436.png,3,SENTINEL: Rough sea / high-wind
sentinel_437.png,4,SENTINEL: Moderate sea
sentinel_438.png,4,SENTINEL: Moderate sea
sentinel_439.png,3,SENTINEL: Rough sea / high-wind
sentinel_44.png,4,SENTINEL: Moderate sea
sentinel_440.png,4,SENTINEL: Moderate sea
sentinel_441.png,4,SENTINEL: Moderate sea
sentinel_442.png,4,SENTINEL: Moderate sea
sentinel_443.png,4,SENTINEL: Moderate sea
sentinel_444.png,3,SENTINEL: Rough sea / high-wind
sentinel_445.png,3,SENTINEL: Rough sea / high-wind
sentinel_446.png,4,SENTINEL: Moderate sea
sentinel_447.png,3,SENTINEL: Rough sea / high-wind
sentinel_448.png,4,SENTINEL: Moderate sea
sentinel_449.png,3,SENTINEL: Rough sea / high-wind
sentinel_45.png,4,SENTINEL: Moderate sea
sentinel_450.png,4,SENTINEL: Moderate sea
sentinel_451.png,3,SENTINEL: Rough sea / high-wind
sentinel_452.png,3,SENTINEL: Rough sea / high-wind
sentinel_453.png,3,SENTINEL: Rough sea / high-wind
sentinel_454.png,4,SENTINEL: Moderate sea
sentinel_455.png,4,SENTINEL: Moderate sea
sentinel_456.png,4,SENTINEL: Moderate sea
sentinel_457.png,4,SENTINEL: Moderate sea
sentinel_458.png,3,SENTINEL: Rough sea / high-wind
sentinel_459.png,4,SENTINEL: Moderate sea
sentinel_46.png,3,SENTINEL: Rough sea / high-wind
sentinel_460.png,4,SENTINEL: Moderate sea
sentinel_461.png,4,SENTINEL: Moderate sea
sentinel_462.png,4,SENTINEL: Moderate sea
sentinel_463.png,4,SENTINEL: Moderate sea
sentinel_464.png,4,SENTINEL: Moderate sea
sentinel_465.png,4,SENTINEL: Moderate sea
sentinel_466.png,4,SENTINEL: Moderate sea
sentinel_467.png,4,SENTINEL: Moderate sea
sentinel_468.png,4,SENTINEL: Moderate sea
sentinel_469.png,3,SENTINEL: Rough sea / high-wind
sentinel_47.png,4,SENTINEL: Moderate sea
sentinel_470.png,5,SENTINEL: Calm sea / low-wind
sentinel_471.png,3,SENTINEL: Rough sea / high-wind
sentinel_472.png,3,SENTINEL: Rough sea / high-wind
sentinel_473.png,3,SENTINEL: Rough sea / high-wind
sentinel_474.png,4,SENTINEL: Moderate sea
sentinel_475.png,4,SENTINEL: Moderate sea
sentinel_476.png,4,SENTINEL: Moderate sea
sentinel_477.png,4,SENTINEL: Moderate sea
sentinel_478.png,3,SENTINEL: Rough sea / high-wind
sentinel_479.png,4,SENTINEL: Moderate sea
sentinel_48.png,4,SENTINEL: Moderate sea
sentinel_480.png,4,SENTINEL: Moderate sea
sentinel_481.png,4,SENTINEL: Moderate sea
sentinel_482.png,4,SENTINEL: Moderate sea
sentinel_483.png,3,SENTINEL: Rough sea / high-wind
sentinel_484.png,3,SENTINEL: Rough sea / high-wind
sentinel_485.png,3,SENTINEL: Rough sea / high-wind
sentinel_486.png,4,SENTINEL: Moderate sea
sentinel_487.png,3,SENTINEL: Rough sea / high-wind
sentinel_488.png,4,SENTINEL: Moderate sea
sentinel_489.png,4,SENTINEL: Moderate sea
sentinel_49.png,3,SENTINEL: Rough sea / high-wind
sentinel_490.png,3,SENTINEL: Rough sea / high-wind
sentinel_491.png,4,SENTINEL: Moderate sea
sentinel_492.png,4,SENTINEL: Moderate sea
sentinel_493.png,3,SENTINEL: Rough sea / high-wind
sentinel_494.png,4,SENTINEL: Moderate sea
sentinel_495.png,4,SENTINEL: Moderate sea
sentinel_496.png,4,SENTINEL: Moderate sea
sentinel_497.png,3,SENTINEL: Rough sea / high-wind
sentinel_498.png,4,SENTINEL: Moderate sea
sentinel_499.png,3,SENTINEL: Rough sea / high-wind
sentinel_5.png,3,SENTINEL: Rough sea / high-wind
sentinel_50.png,4,SENTINEL: Moderate sea
sentinel_500.png,4,SENTINEL: Moderate sea
sentinel_501.png,4,SENTINEL: Moderate sea
sentinel_502.png,4,SENTINEL: Moderate sea
sentinel_503.png,4,SENTINEL: Moderate sea
sentinel_504.png,4,SENTINEL: Moderate sea
sentinel_505.png,4,SENTINEL: Moderate sea
sentinel_506.png,4,SENTINEL: Moderate sea
sentinel_507.png,4,SENTINEL: Moderate sea
sentinel_508.png,4,SENTINEL: Moderate sea
sentinel_509.png,4,SENTINEL: Moderate sea
sentinel_51.png,4,SENTINEL: Moderate sea
sentinel_510.png,3,SENTINEL: Rough sea / high-wind
sentinel_511.png,4,SENTINEL: Moderate sea
sentinel_512.png,4,SENTINEL: Moderate sea
sentinel_513.png,3,SENTINEL: Rough sea / high-wind
sentinel_514.png,4,SENTINEL: Moderate sea
sentinel_515.png,4,SENTINEL: Moderate sea
sentinel_516.png,3,SENTINEL: Rough sea / high-wind
sentinel_517.png,4,SENTINEL: Moderate sea
sentinel_518.png,3,SENTINEL: Rough sea / high-wind
sentinel_519.png,3,SENTINEL: Rough sea / high-wind
sentinel_52.png,4,SENTINEL: Moderate sea
sentinel_520.png,3,SENTINEL: Rough sea / high-wind
sentinel_521.png,4,SENTINEL: Moderate sea
sentinel_522.png,3,SENTINEL: Rough sea / high-wind
sentinel_523.png,4,SENTINEL: Moderate sea
sentinel_524.png,4,SENTINEL: Moderate sea
sentinel_525.png,4,SENTINEL: Moderate sea
sentinel_526.png,4,SENTINEL: Moderate sea
sentinel_527.png,3,SENTINEL: Rough sea / high-wind
sentinel_528.png,4,SENTINEL: Moderate sea
sentinel_529.png,3,SENTINEL: Rough sea / high-wind
sentinel_53.png,3,SENTINEL: Rough sea / high-wind
sentinel_530.png,4,SENTINEL: Moderate sea
sentinel_531.png,4,SENTINEL: Moderate sea
sentinel_532.png,3,SENTINEL: Rough sea / high-wind
sentinel_533.png,4,SENTINEL: Moderate sea
sentinel_534.png,4,SENTINEL: Moderate sea
sentinel_535.png,4,SENTINEL: Moderate sea
sentinel_536.png,4,SENTINEL: Moderate sea
sentinel_537.png,3,SENTINEL: Rough sea / high-wind
sentinel_538.png,4,SENTINEL: Moderate sea
sentinel_539.png,3,SENTINEL: Rough sea / high-wind
sentinel_54.png,5,SENTINEL: Calm sea / low-wind
sentinel_540.png,4,SENTINEL: Moderate sea
sentinel_541.png,4,SENTINEL: Moderate sea
sentinel_542.png,3,SENTINEL: Rough sea / high-wind
sentinel_543.png,4,SENTINEL: Moderate sea
sentinel_544.png,3,SENTINEL: Rough sea / high-wind
sentinel_545.png,4,SENTINEL: Moderate sea
sentinel_546.png,4,SENTINEL: Moderate sea
sentinel_547.png,4,SENTINEL: Moderate sea
sentinel_548.png,4,SENTINEL: Moderate sea
sentinel_549.png,3,SENTINEL: Rough sea / high-wind
sentinel_55.png,3,SENTINEL: Rough sea / high-wind
sentinel_550.png,4,SENTINEL: Moderate sea
sentinel_551.png,4,SENTINEL: Moderate sea
sentinel_552.png,4,SENTINEL: Moderate sea
sentinel_553.png,3,SENTINEL: Rough sea / high-wind
sentinel_554.png,4,SENTINEL: Moderate sea
sentinel_555.png,4,SENTINEL: Moderate sea
sentinel_556.png,4,SENTINEL: Moderate sea
sentinel_557.png,4,SENTINEL: Moderate sea
sentinel_558.png,4,SENTINEL: Moderate sea
sentinel_559.png,4,SENTINEL: Moderate sea
sentinel_56.png,4,SENTINEL: Moderate sea
sentinel_560.png,4,SENTINEL: Moderate sea
sentinel_561.png,4,SENTINEL: Moderate sea
sentinel_562.png,4,SENTINEL: Moderate sea
sentinel_563.png,4,SENTINEL: Moderate sea
sentinel_564.png,4,SENTINEL: Moderate sea
sentinel_565.png,4,SENTINEL: Moderate sea
sentinel_566.png,3,SENTINEL: Rough sea / high-wind
sentinel_567.png,4,SENTINEL: Moderate sea
sentinel_568.png,3,SENTINEL: Rough sea / high-wind
sentinel_569.png,4,SENTINEL: Moderate sea
sentinel_57.png,4,SENTINEL: Moderate sea
sentinel_570.png,4,SENTINEL: Moderate sea
sentinel_571.png,4,SENTINEL: Moderate sea
sentinel_572.png,4,SENTINEL: Moderate sea
sentinel_573.png,4,SENTINEL: Moderate sea
sentinel_574.png,3,SENTINEL: Rough sea / high-wind
sentinel_575.png,3,SENTINEL: Rough sea / high-wind
sentinel_576.png,4,SENTINEL: Moderate sea
sentinel_577.png,4,SENTINEL: Moderate sea
sentinel_578.png,3,SENTINEL: Rough sea / high-wind
sentinel_579.png,3,SENTINEL: Rough sea / high-wind
sentinel_58.png,4,SENTINEL: Moderate sea
sentinel_580.png,4,SENTINEL: Moderate sea
sentinel_581.png,4,SENTINEL: Moderate sea
sentinel_582.png,4,SENTINEL: Moderate sea
sentinel_583.png,4,SENTINEL: Moderate sea
sentinel_584.png,3,SENTINEL: Rough sea / high-wind
sentinel_585.png,3,SENTINEL: Rough sea / high-wind
sentinel_586.png,3,SENTINEL: Rough sea / high-wind
sentinel_587.png,3,SENTINEL: Rough sea / high-wind
sentinel_588.png,4,SENTINEL: Moderate sea
sentinel_589.png,3,SENTINEL: Rough sea / high-wind
sentinel_59.png,4,SENTINEL: Moderate sea
sentinel_590.png,4,SENTINEL: Moderate sea
sentinel_591.png,4,SENTINEL: Moderate sea
sentinel_592.png,4,SENTINEL: Moderate sea
sentinel_593.png,4,SENTINEL: Moderate sea
sentinel_594.png,4,SENTINEL: Moderate sea
sentinel_595.png,4,SENTINEL: Moderate sea
sentinel_596.png,3,SENTINEL: Rough sea / high-wind
sentinel_597.png,4,SENTINEL: Moderate sea
sentinel_598.png,3,SENTINEL: Rough sea / high-wind
sentinel_599.png,4,SENTINEL: Moderate sea
sentinel_6.png,4,SENTINEL: Moderate sea
sentinel_60.png,4,SENTINEL: Moderate sea
sentinel_600.png,4,SENTINEL: Moderate sea
sentinel_601.png,4,SENTINEL: Moderate sea
sentinel_602.png,3,SENTINEL: Rough sea / high-wind
sentinel_603.png,4,SENTINEL: Moderate sea
sentinel_604.png,4,SENTINEL: Moderate sea
sentinel_605.png,3,SENTINEL: Rough sea / high-wind
sentinel_606.png,3,SENTINEL: Rough sea / high-wind
sentinel_607.png,3,SENTINEL: Rough sea / high-wind
sentinel_608.png,3,SENTINEL: Rough sea / high-wind
sentinel_609.png,3,SENTINEL: Rough sea / high-wind
sentinel_61.png,4,SENTINEL: Moderate sea
sentinel_610.png,4,SENTINEL: Moderate sea
sentinel_611.png,4,SENTINEL: Moderate sea
sentinel_612.png,4,SENTINEL: Moderate sea
sentinel_613.png,3,SENTINEL: Rough sea / high-wind
sentinel_614.png,4,SENTINEL: Moderate sea
sentinel_615.png,3,SENTINEL: Rough sea / high-wind
sentinel_616.png,4,SENTINEL: Moderate sea
sentinel_617.png,4,SENTINEL: Moderate sea
sentinel_618.png,4,SENTINEL: Moderate sea
sentinel_619.png,3,SENTINEL: Rough sea / high-wind
sentinel_62.png,4,SENTINEL: Moderate sea
sentinel_620.png,4,SENTINEL: Moderate sea
sentinel_621.png,4,SENTINEL: Moderate sea
sentinel_622.png,4,SENTINEL: Moderate sea
sentinel_623.png,3,SENTINEL: Rough sea / high-wind
sentinel_624.png,4,SENTINEL: Moderate sea
sentinel_625.png,3,SENTINEL: Rough sea / high-wind
sentinel_626.png,3,SENTINEL: Rough sea / high-wind
sentinel_627.png,4,SENTINEL: Moderate sea
sentinel_628.png,3,SENTINEL: Rough sea / high-wind
sentinel_629.png,4,SENTINEL: Moderate sea
sentinel_63.png,4,SENTINEL: Moderate sea
sentinel_630.png,4,SENTINEL: Moderate sea
sentinel_631.png,4,SENTINEL: Moderate sea
sentinel_632.png,3,SENTINEL: Rough sea / high-wind
sentinel_633.png,4,SENTINEL: Moderate sea
sentinel_634.png,4,SENTINEL: Moderate sea
sentinel_635.png,4,SENTINEL: Moderate sea
sentinel_636.png,5,SENTINEL: Calm sea / low-wind
sentinel_637.png,4,SENTINEL: Moderate sea
sentinel_638.png,4,SENTINEL: Moderate sea
sentinel_639.png,3,SENTINEL: Rough sea / high-wind
sentinel_64.png,4,SENTINEL: Moderate sea
sentinel_640.png,3,SENTINEL: Rough sea / high-wind
sentinel_641.png,4,SENTINEL: Moderate sea
sentinel_642.png,3,SENTINEL: Rough sea / high-wind
sentinel_643.png,4,SENTINEL: Moderate sea
sentinel_644.png,4,SENTINEL: Moderate sea
sentinel_645.png,3,SENTINEL: Rough sea / high-wind
sentinel_646.png,4,SENTINEL: Moderate sea
sentinel_647.png,4,SENTINEL: Moderate sea
sentinel_648.png,4,SENTINEL: Moderate sea
sentinel_649.png,4,SENTINEL: Moderate sea
sentinel_65.png,4,SENTINEL: Moderate sea
sentinel_650.png,3,SENTINEL: Rough sea / high-wind
sentinel_651.png,4,SENTINEL: Moderate sea
sentinel_652.png,4,SENTINEL: Moderate sea
sentinel_653.png,3,SENTINEL: Rough sea / high-wind
sentinel_654.png,4,SENTINEL: Moderate sea
sentinel_655.png,4,SENTINEL: Moderate sea
sentinel_656.png,3,SENTINEL: Rough sea / high-wind
sentinel_657.png,4,SENTINEL: Moderate sea
sentinel_658.png,4,SENTINEL: Moderate sea
sentinel_659.png,3,SENTINEL: Rough sea / high-wind
sentinel_66.png,3,SENTINEL: Rough sea / high-wind
sentinel_660.png,3,SENTINEL: Rough sea / high-wind
sentinel_661.png,3,SENTINEL: Rough sea / high-wind
sentinel_662.png,4,SENTINEL: Moderate sea
sentinel_663.png,4,SENTINEL: Moderate sea
sentinel_664.png,4,SENTINEL: Moderate sea
sentinel_665.png,3,SENTINEL: Rough sea / high-wind
sentinel_666.png,3,SENTINEL: Rough sea / high-wind
sentinel_667.png,4,SENTINEL: Moderate sea
sentinel_668.png,4,SENTINEL: Moderate sea
sentinel_669.png,4,SENTINEL: Moderate sea
sentinel_67.png,4,SENTINEL: Moderate sea
sentinel_670.png,4,SENTINEL: Moderate sea
sentinel_671.png,4,SENTINEL: Moderate sea
sentinel_672.png,4,SENTINEL: Moderate sea
sentinel_673.png,3,SENTINEL: Rough sea / high-wind
sentinel_674.png,3,SENTINEL: Rough sea / high-wind
sentinel_675.png,4,SENTINEL: Moderate sea
sentinel_676.png,3,SENTINEL: Rough sea / high-wind
sentinel_677.png,3,SENTINEL: Rough sea / high-wind
sentinel_678.png,4,SENTINEL: Moderate sea
sentinel_679.png,4,SENTINEL: Moderate sea
sentinel_68.png,4,SENTINEL: Moderate sea
sentinel_680.png,3,SENTINEL: Rough sea / high-wind
sentinel_681.png,3,SENTINEL: Rough sea / high-wind
sentinel_682.png,3,SENTINEL: Rough sea / high-wind
sentinel_683.png,4,SENTINEL: Moderate sea
sentinel_684.png,4,SENTINEL: Moderate sea
sentinel_685.png,4,SENTINEL: Moderate sea
sentinel_686.png,3,SENTINEL: Rough sea / high-wind
sentinel_687.png,3,SENTINEL: Rough sea / high-wind
sentinel_688.png,4,SENTINEL: Moderate sea
sentinel_689.png,4,SENTINEL: Moderate sea
sentinel_69.png,3,SENTINEL: Rough sea / high-wind
sentinel_690.png,4,SENTINEL: Moderate sea
sentinel_691.png,4,SENTINEL: Moderate sea
sentinel_692.png,4,SENTINEL: Moderate sea
sentinel_693.png,4,SENTINEL: Moderate sea
sentinel_694.png,4,SENTINEL: Moderate sea
sentinel_695.png,4,SENTINEL: Moderate sea
sentinel_696.png,4,SENTINEL: Moderate sea
sentinel_697.png,4,SENTINEL: Moderate sea
sentinel_698.png,4,SENTINEL: Moderate sea
sentinel_699.png,3,SENTINEL: Rough sea / high-wind
sentinel_7.png,3,SENTINEL: Rough sea / high-wind
sentinel_70.png,4,SENTINEL: Moderate sea
sentinel_700.png,4,SENTINEL: Moderate sea
sentinel_701.png,4,SENTINEL: Moderate sea
sentinel_702.png,4,SENTINEL: Moderate sea
sentinel_703.png,4,SENTINEL: Moderate sea
sentinel_704.png,4,SENTINEL: Moderate sea
sentinel_705.png,5,SENTINEL: Calm sea / low-wind
sentinel_706.png,4,SENTINEL: Moderate sea
sentinel_707.png,4,SENTINEL: Moderate sea
sentinel_708.png,3,SENTINEL: Rough sea / high-wind
sentinel_709.png,4,SENTINEL: Moderate sea
sentinel_71.png,4,SENTINEL: Moderate sea
sentinel_710.png,4,SENTINEL: Moderate sea
sentinel_711.png,4,SENTINEL: Moderate sea
sentinel_712.png,4,SENTINEL: Moderate sea
sentinel_713.png,3,SENTINEL: Rough sea / high-wind
sentinel_714.png,4,SENTINEL: Moderate sea
sentinel_715.png,4,SENTINEL: Moderate sea
sentinel_716.png,4,SENTINEL: Moderate sea
sentinel_717.png,4,SENTINEL: Moderate sea
sentinel_718.png,4,SENTINEL: Moderate sea
sentinel_719.png,4,SENTINEL: Moderate sea
sentinel_72.png,3,SENTINEL: Rough sea / high-wind
sentinel_720.png,3,SENTINEL: Rough sea / high-wind
sentinel_721.png,3,SENTINEL: Rough sea / high-wind
sentinel_722.png,5,SENTINEL: Calm sea / low-wind
sentinel_723.png,4,SENTINEL: Moderate sea
sentinel_724.png,4,SENTINEL: Moderate sea
sentinel_725.png,3,SENTINEL: Rough sea / high-wind
sentinel_726.png,4,SENTINEL: Moderate sea
sentinel_727.png,4,SENTINEL: Moderate sea
sentinel_728.png,4,SENTINEL: Moderate sea
sentinel_729.png,3,SENTINEL: Rough sea / high-wind
sentinel_73.png,4,SENTINEL: Moderate sea
sentinel_730.png,4,SENTINEL: Moderate sea
sentinel_731.png,4,SENTINEL: Moderate sea
sentinel_732.png,4,SENTINEL: Moderate sea
sentinel_733.png,4,SENTINEL: Moderate sea
sentinel_734.png,3,SENTINEL: Rough sea / high-wind
sentinel_735.png,4,SENTINEL: Moderate sea
sentinel_736.png,3,SENTINEL: Rough sea / high-wind
sentinel_737.png,4,SENTINEL: Moderate sea
sentinel_738.png,3,SENTINEL: Rough sea / high-wind
sentinel_739.png,4,SENTINEL: Moderate sea
sentinel_74.png,3,SENTINEL: Rough sea / high-wind
sentinel_740.png,4,SENTINEL: Moderate sea
sentinel_741.png,4,SENTINEL: Moderate sea
sentinel_742.png,3,SENTINEL: Rough sea / high-wind
sentinel_743.png,4,SENTINEL: Moderate sea
sentinel_744.png,4,SENTINEL: Moderate sea
sentinel_745.png,3,SENTINEL: Rough sea / high-wind
sentinel_746.png,4,SENTINEL: Moderate sea
sentinel_747.png,3,SENTINEL: Rough sea / high-wind
sentinel_748.png,4,SENTINEL: Moderate sea
sentinel_749.png,4,SENTINEL: Moderate sea
sentinel_75.png,3,SENTINEL: Rough sea / high-wind
sentinel_750.png,4,SENTINEL: Moderate sea
sentinel_751.png,3,SENTINEL: Rough sea / high-wind
sentinel_752.png,3,SENTINEL: Rough sea / high-wind
sentinel_753.png,4,SENTINEL: Moderate sea
sentinel_754.png,4,SENTINEL: Moderate sea
sentinel_755.png,4,SENTINEL: Moderate sea
sentinel_756.png,4,SENTINEL: Moderate sea
sentinel_757.png,3,SENTINEL: Rough sea / high-wind
sentinel_758.png,4,SENTINEL: Moderate sea
sentinel_759.png,3,SENTINEL: Rough sea / high-wind
sentinel_76.png,3,SENTINEL: Rough sea / high-wind
sentinel_760.png,4,SENTINEL: Moderate sea
sentinel_761.png,3,SENTINEL: Rough sea / high-wind
sentinel_762.png,4,SENTINEL: Moderate sea
sentinel_763.png,4,SENTINEL: Moderate sea
sentinel_764.png,4,SENTINEL: Moderate sea
sentinel_765.png,4,SENTINEL: Moderate sea
sentinel_766.png,4,SENTINEL: Moderate sea
sentinel_767.png,4,SENTINEL: Moderate sea
sentinel_768.png,3,SENTINEL: Rough sea / high-wind
sentinel_769.png,5,SENTINEL: Calm sea / low-wind
sentinel_77.png,4,SENTINEL: Moderate sea
sentinel_770.png,3,SENTINEL: Rough sea / high-wind
sentinel_771.png,4,SENTINEL: Moderate sea
sentinel_772.png,3,SENTINEL: Rough sea / high-wind
sentinel_773.png,4,SENTINEL: Moderate sea
sentinel_774.png,4,SENTINEL: Moderate sea
sentinel_775.png,4,SENTINEL: Moderate sea
sentinel_776.png,4,SENTINEL: Moderate sea
sentinel_777.png,4,SENTINEL: Moderate sea
sentinel_778.png,3,SENTINEL: Rough sea / high-wind
sentinel_779.png,4,SENTINEL: Moderate sea
sentinel_78.png,3,SENTINEL: Rough sea / high-wind
sentinel_780.png,4,SENTINEL: Moderate sea
sentinel_781.png,3,SENTINEL: Rough sea / high-wind
sentinel_782.png,4,SENTINEL: Moderate sea
sentinel_783.png,4,SENTINEL: Moderate sea
sentinel_784.png,4,SENTINEL: Moderate sea
sentinel_785.png,4,SENTINEL: Moderate sea
sentinel_786.png,3,SENTINEL: Rough sea / high-wind
sentinel_787.png,4,SENTINEL: Moderate sea
sentinel_788.png,4,SENTINEL: Moderate sea
sentinel_789.png,4,SENTINEL: Moderate sea
sentinel_79.png,4,SENTINEL: Moderate sea
sentinel_790.png,3,SENTINEL: Rough sea / high-wind
sentinel_791.png,4,SENTINEL: Moderate sea
sentinel_792.png,4,SENTINEL: Moderate sea
sentinel_793.png,3,SENTINEL: Rough sea / high-wind
sentinel_794.png,4,SENTINEL: Moderate sea
sentinel_795.png,4,SENTINEL: Moderate sea
sentinel_796.png,4,SENTINEL: Moderate sea
sentinel_797.png,4,SENTINEL: Moderate sea
sentinel_798.png,4,SENTINEL: Moderate sea
sentinel_799.png,3,SENTINEL: Rough sea / high-wind
sentinel_8.png,3,SENTINEL: Rough sea / high-wind
sentinel_80.png,4,SENTINEL: Moderate sea
sentinel_800.png,4,SENTINEL: Moderate sea
sentinel_801.png,3,SENTINEL: Rough sea / high-wind
sentinel_802.png,4,SENTINEL: Moderate sea
sentinel_803.png,3,SENTINEL: Rough sea / high-wind
sentinel_804.png,4,SENTINEL: Moderate sea
sentinel_805.png,4,SENTINEL: Moderate sea
sentinel_806.png,4,SENTINEL: Moderate sea
sentinel_807.png,3,SENTINEL: Rough sea / high-wind
sentinel_808.png,4,SENTINEL: Moderate sea
sentinel_809.png,4,SENTINEL: Moderate sea
sentinel_81.png,4,SENTINEL: Moderate sea
sentinel_810.png,3,SENTINEL: Rough sea / high-wind
sentinel_811.png,4,SENTINEL: Moderate sea
sentinel_812.png,4,SENTINEL: Moderate sea
sentinel_813.png,4,SENTINEL: Moderate sea
sentinel_814.png,3,SENTINEL: Rough sea / high-wind
sentinel_815.png,3,SENTINEL: Rough sea / high-wind
sentinel_816.png,4,SENTINEL: Moderate sea
sentinel_817.png,4,SENTINEL: Moderate sea
sentinel_818.png,4,SENTINEL: Moderate sea
sentinel_819.png,3,SENTINEL: Rough sea / high-wind
sentinel_82.png,4,SENTINEL: Moderate sea
sentinel_820.png,3,SENTINEL: Rough sea / high-wind
sentinel_821.png,4,SENTINEL: Moderate sea
sentinel_822.png,4,SENTINEL: Moderate sea
sentinel_823.png,3,SENTINEL: Rough sea / high-wind
sentinel_824.png,3,SENTINEL: Rough sea / high-wind
sentinel_825.png,4,SENTINEL: Moderate sea
sentinel_826.png,4,SENTINEL: Moderate sea
sentinel_827.png,4,SENTINEL: Moderate sea
sentinel_828.png,4,SENTINEL: Moderate sea
sentinel_829.png,3,SENTINEL: Rough sea / high-wind
sentinel_83.png,3,SENTINEL: Rough sea / high-wind
sentinel_830.png,3,SENTINEL: Rough sea / high-wind
sentinel_831.png,3,SENTINEL: Rough sea / high-wind
sentinel_832.png,4,SENTINEL: Moderate sea
sentinel_833.png,4,SENTINEL: Moderate sea
sentinel_834.png,4,SENTINEL: Moderate sea
sentinel_835.png,4,SENTINEL: Moderate sea
sentinel_836.png,4,SENTINEL: Moderate sea
sentinel_837.png,3,SENTINEL: Rough sea / high-wind
sentinel_838.png,4,SENTINEL: Moderate sea
sentinel_84.png,4,SENTINEL: Moderate sea
sentinel_85.png,3,SENTINEL: Rough sea / high-wind
sentinel_86.png,4,SENTINEL: Moderate sea
sentinel_87.png,4,SENTINEL: Moderate sea
sentinel_88.png,3,SENTINEL: Rough sea / high-wind
sentinel_89.png,4,SENTINEL: Moderate sea
sentinel_9.png,3,SENTINEL: Rough sea / high-wind
sentinel_90.png,4,SENTINEL: Moderate sea
sentinel_91.png,4,SENTINEL: Moderate sea
sentinel_92.png,4,SENTINEL: Moderate sea
sentinel_93.png,3,SENTINEL: Rough sea / high-wind
sentinel_94.png,4,SENTINEL: Moderate sea
sentinel_95.png,3,SENTINEL: Rough sea / high-wind
sentinel_96.png,4,SENTINEL: Moderate sea
sentinel_97.png,4,SENTINEL: Moderate sea
sentinel_98.png,3,SENTINEL: Rough sea / high-wind
sentinel_99.png,4,SENTINEL: Moderate sea
